{"STATE":{"0":"MS","1":"MS","2":"NY","3":"NY"},"RACE":{"0":"Asian","1":"Asian","2":"Asian","3":"Asian"},"PARTY":{"0":"Democratic","1":"Republican","2":"Democratic","3":"Republican"},"RACE_MEAN":{"0":0.52,"1":0.31,"2":0.825,"3":0.158},"NON_RACE_MEAN":{"0":0.409,"1":0.579,"2":0.593,"3":0.391},"RACE_LOW":{"0":0.16702614,"1":0.12548316,"2":0.81648217,"3":0.15072245},"RACE_UP":{"0":0.70821953,"1":0.49167675,"2":0.83214699,"3":0.16539553},"NON_RACE_LOW":{"0":0.40667075,"1":0.57706185,"2":0.59242395,"3":0.39022175},"NON_RACE_UP":{"0":0.41239761,"1":0.58135803,"2":0.5941554,"3":0.39183903}}