{"STATE":{"0":"MS","1":"MS","2":"NY","3":"NY"},"RACE":{"0":"Black","1":"Black","2":"Black","3":"Black"},"PARTY":{"0":"Democratic","1":"Republican","2":"Democratic","3":"Republican"},"RACE_MEAN":{"0":0.962,"1":0.027,"2":1.0,"3":0.0},"NON_RACE_MEAN":{"0":0.12,"1":0.859,"2":0.575,"3":0.407},"RACE_LOW":{"0":0.95787554,"1":0.02316816,"2":0.99954433,"3":0.0000918762},"RACE_UP":{"0":0.96584515,"1":0.03060201,"2":0.99989191,"3":0.000273627},"NON_RACE_LOW":{"0":0.11720099,"1":0.85688608,"2":0.5746589,"3":0.40625041},"NON_RACE_UP":{"0":0.12226483,"1":0.86186008,"2":0.57536646,"3":0.40694612}}