{"STATE":{"0":"MS","1":"MS","2":"NY","3":"NY"},"RACE":{"0":"Hispanic","1":"Hispanic","2":"Hispanic","3":"Hispanic"},"PARTY":{"0":"Democratic","1":"Republican","2":"Democratic","3":"Republican"},"RACE_MEAN":{"0":0.488,"1":0.347,"2":0.961,"3":0.035},"NON_RACE_MEAN":{"0":0.407,"1":0.584,"2":0.55,"3":0.432},"RACE_LOW":{"0":0.4130527,"1":0.27724631,"2":0.95766071,"3":0.03180521},"RACE_UP":{"0":0.57297137,"1":0.4184608,"2":0.96398996,"3":0.03765576},"NON_RACE_LOW":{"0":0.40420819,"1":0.58171125,"2":0.54895617,"3":0.43136722},"NON_RACE_UP":{"0":0.40972288,"1":0.58665278,"2":0.55061129,"3":0.43303872}}